<?xml version="1.0" ?>
<contents>
  <product_flavors cmm_pf_var="PRODUCT_FLAVORS">
    <pf>
      <name>default</name>
      <component>
        <name>common</name>
        <flavor>default</flavor>
      </component>
      <component>
        <name>tz</name>
        <flavor>default</flavor>
      </component>
      <component>
        <name>apps</name>
        <flavor>default</flavor>
      </component>
    </pf>
    <pf>
      <name>idp</name>
      <component>
        <name>common</name>
        <flavor>idp</flavor>
      </component>
      <component>
        <name>apps</name>
        <flavor>idp</flavor>
      </component>
    </pf>
    <pf>
      <name>RB3_CK</name>
      <component>
        <name>common</name>
        <flavor>RB3_CK</flavor>
      </component>
      <component>
        <name>apps</name>
        <flavor>RB3_CK</flavor>
      </component>
    </pf>
    <pf>
      <name>RB3_VK</name>
      <component>
        <name>common</name>
        <flavor>RB3_VK</flavor>
      </component>
      <component>
        <name>apps</name>
        <flavor>RB3_VK</flavor>
      </component>
    </pf>
    <pf>
      <name>RB3_IK</name>
      <component>
        <name>common</name>
        <flavor>RB3_IK</flavor>
      </component>
      <component>
        <name>apps</name>
        <flavor>RB3_IK</flavor>
      </component>
    </pf>
  </product_flavors>
  <product_info>
    <product_name>QCM6490.LE.1.0</product_name>
    <hlos_type>LE</hlos_type>
    <chipid>QCM6490</chipid>
    <build_type>K2L</build_type>
  </product_info>
  <partition_info>
    <partition fastboot_erase="true">modemst1</partition>
    <partition fastboot_erase="true">modemst2</partition>
    <partition fastboot_erase="true">fsg</partition>
  </partition_info>
  <builds_flat>
    <build>
      <name>apps</name>
      <role>apps</role>
      <chipset>QCM6490</chipset>
      <build_id>LE.QCLINUX.1.0.r1-07900-K2C.0-1</build_id>
      <windows_root_path>.\</windows_root_path>
      <linux_root_path>./</linux_root_path>
      <image_dir>apps_proc</image_dir>
      <download_file fastboot="efi">
        <file_name>efi.bin</file_name>
        <file_path flavor="default">.</file_path>
        <file_path flavor="RB3_CK">.</file_path>
        <file_path flavor="RB3_VK">.</file_path>
        <file_path flavor="idp">.</file_path>
        <file_path flavor="RB3_IK">.</file_path>
      </download_file>
      <download_file fastboot="dtb_a" backup_partition="dtb_b">
        <file_name>dtb.bin</file_name>
        <file_path flavor="default">.</file_path>
        <file_path flavor="RB3_CK">.</file_path>
        <file_path flavor="RB3_VK">.</file_path>
        <file_path flavor="idp">.</file_path>
        <file_path flavor="RB3_IK">.</file_path>
      </download_file>
      <download_file rootfs="true" fastboot="true">
        <file_name>system.img</file_name>
        <file_path flavor="default">.</file_path>
        <file_path flavor="RB3_CK">.</file_path>
        <file_path flavor="RB3_VK">.</file_path>
        <file_path flavor="idp">.</file_path>
        <file_path flavor="RB3_IK">.</file_path>
      </download_file>
    </build>
    <build>
      <name>aop</name>
      <role>aop</role>
      <chipset>QCM6490</chipset>
      <build_id>AOP.HO.3.6-00010-KODIAK_E-1</build_id>
      <windows_root_path>.\</windows_root_path>
      <linux_root_path>./</linux_root_path>
      <image_dir>aop_proc</image_dir>
      <download_file backup_partition="aop_b" fastboot_complete="aop_a" boot_c="true">
        <file_name>aop.mbn</file_name>
        <file_path>.</file_path>
      </download_file>
    </build>
    <build>
      <name>boot</name>
      <role>boot</role>
      <chipset>QCM6490</chipset>
      <build_id>BOOT.MXF.1.0.c1-00364-KODIAKLA-1</build_id>
      <windows_root_path>.\</windows_root_path>
      <linux_root_path>./</linux_root_path>
      <image_dir>boot_images</image_dir>
      <download_file backup_partition="xbl_b" fastboot_complete="xbl_a" boot_c="true">
        <file_name>xbl.elf</file_name>
        <file_path>.</file_path>
      </download_file>
      <download_file backup_partition="xbl_config_b" fastboot_complete="xbl_config_a" boot_c="true" xbl_config="true">
        <file_name>xbl_config.elf</file_name>
        <file_path>.</file_path>
      </download_file>
      <download_file backup_partition="shrm_b" fastboot_complete="shrm_a" boot_c="true">
        <file_name>shrm.elf</file_name>
        <file_path>.</file_path>
      </download_file>
      <download_file backup_partition="imagefv_b" fastboot="imagefv_a" boot_c="true">
        <file_name>imagefv.elf</file_name>
        <file_path>.</file_path>
      </download_file>
      <download_file backup_partition="uefi_b" fastboot_complete="uefi_a" boot_c="true">
        <file_name>uefi.elf</file_name>
        <file_path>.</file_path>
      </download_file>
      <download_file backup_partition="xbl_ramdump_b" fastboot="xbl_ramdump_a" boot_c="true">
        <file_name>XblRamdump.elf</file_name>
        <file_path>.</file_path>
      </download_file>
      <download_file fastboot="logfs" boot_c="true">
        <file_name>logfs_ufs_8mb.bin</file_name>
        <file_path>.</file_path>
      </download_file>
      <download_file fastboot="toolsfv" boot_c="true">
        <file_name>tools.fv</file_name>
        <file_path>.</file_path>
      </download_file>
      <device_programmer boot_c="true">
        <file_name>prog_firehose_ddr.elf</file_name>
        <file_path>.</file_path>
      </device_programmer>
      <device_programmer firehose_type="lite" boot_c="true">
        <file_name>prog_firehose_lite.elf</file_name>
        <file_path>.</file_path>
      </device_programmer>
    </build>
    <build>
      <name>tz</name>
      <role>tz</role>
      <chipset>QCM6490</chipset>
      <build_id>TZ.XF.5.29.1-00084-KODIAKAAAAANAAZT-1</build_id>
      <short_build_path>EACAANAA</short_build_path>
      <windows_root_path>.\</windows_root_path>
      <linux_root_path>./</linux_root_path>
      <image_dir>trustzone_images</image_dir>
      <download_file backup_partition="tz_b" fastboot_complete="tz_a" boot_c="true">
        <file_name>tz.mbn</file_name>
        <file_path>.</file_path>
      </download_file>
      <download_file backup_partition="hyp_b" fastboot_complete="hyp_a" boot_c="true">
        <file_name>hypvm.mbn</file_name>
        <file_path>.</file_path>
      </download_file>
      <download_file backup_partition="devcfg_b" fastboot_complete="devcfg_a" boot_c="true">
        <file_name>devcfg.mbn</file_name>
        <file_path>.</file_path>
      </download_file>
    </build>
    <build>
      <name>tz_apps</name>
      <role>tz_apps</role>
      <chipset>QCM6490</chipset>
      <build_id>TZ.APPS.1.29-00208-KODIAKAAAAANAZT-1</build_id>
      <short_build_path>IAGAANAA</short_build_path>
      <windows_root_path>.\</windows_root_path>
      <linux_root_path>./</linux_root_path>
      <image_dir>qtee_tas</image_dir>
      <download_file backup_partition="uefisecapp_b" fastboot_complete="uefisecapp_a" boot_c="true">
        <file_name>uefi_sec.mbn</file_name>
        <file_path>.</file_path>
      </download_file>
    </build>
    <build>
      <name>cpucp</name>
      <role>cpucp</role>
      <chipset>QCM6490</chipset>
      <build_id>CPUCP.FW.1.0-00017-K2C.EXT-1</build_id>
      <windows_root_path>.\</windows_root_path>
      <linux_root_path>./</linux_root_path>
      <image_dir>cpucp_proc</image_dir>
      <download_file backup_partition="cpucp_b" fastboot_complete="cpucp_a" boot_c="true">
        <file_name>cpucp.elf</file_name>
        <file_path>.</file_path>
      </download_file>
    </build>
    <build>
      <name>common</name>
      <role>common</role>
      <chipset>QCM6490</chipset>
      <build_id>QCM6490.LE.1.0-00376-STD.PROD-1</build_id>
      <windows_root_path>.\</windows_root_path>
      <linux_root_path>./</linux_root_path>
      <image_dir>common</image_dir>
      <download_file backup_partition="qupfw_b" fastboot_complete="qupfw_a" boot_c="true" qup_bin="true">
        <file_name>qupv3fw.elf</file_name>
        <file_path>.</file_path>
      </download_file>
      <download_file storage_type="ufs" fastboot_complete="ddr_a" backup_partition="ddr_b">
        <file_name>zeros_5sectors.bin</file_name>
        <file_path>.</file_path>
      </download_file>
      <download_file fastboot="splash">
        <file_name>splash.img</file_name>
        <file_path>.</file_path>
      </download_file>
      <download_file fastboot="cdt">
        <file_name>RubikPi3_CDT.bin</file_name>
        <file_path>.</file_path>
      </download_file>
      <download_file fastboot="rubikpi_con">
        <file_name>rubikpi_config.img</file_name>
        <file_path>.</file_path>
      </download_file>
      <download_file fastboot="devcfg_full">
        <file_name>devcfg_full.img</file_name>
        <file_path>.</file_path>
      </download_file>
      <download_file fastboot="dtb_con">
        <file_name>rubikpi_dtso.img</file_name>
        <file_path>.</file_path>
      </download_file>
      <download_file fastboot_complete="multiimgoem_a" backup_partition="multiimgoem_b" boot_c="true">
        <file_name>multi_image.mbn</file_name>
        <file_path>.</file_path>
      </download_file>
      <download_file storage_type="ufs">
        <file_name>*.bin</file_name>
        <file_path>.</file_path>
      </download_file>
      <download_file storage_type="ufs">
        <file_name>*.xml</file_name>
        <file_path>.</file_path>
      </download_file>
      <download_file storage_type="ufs">
        <file_name>gpt_main0.bin</file_name>
        <file_path>.</file_path>
      </download_file>
      <download_file storage_type="ufs">
        <file_name>gpt_main1.bin</file_name>
        <file_path>.</file_path>
      </download_file>
      <download_file storage_type="ufs">
        <file_name>gpt_main2.bin</file_name>
        <file_path>.</file_path>
      </download_file>
      <download_file storage_type="ufs">
        <file_name>gpt_main3.bin</file_name>
        <file_path>.</file_path>
      </download_file>
      <download_file storage_type="ufs">
        <file_name>gpt_main4.bin</file_name>
        <file_path>.</file_path>
      </download_file>
      <download_file storage_type="ufs">
        <file_name>gpt_main5.bin</file_name>
        <file_path>.</file_path>
      </download_file>
      <download_file storage_type="ufs" gpt_file="partition:0">
        <file_name>gpt_both0.bin</file_name>
        <file_path>.</file_path>
      </download_file>
      <download_file storage_type="ufs" gpt_file="partition:1">
        <file_name>gpt_both1.bin</file_name>
        <file_path>.</file_path>
      </download_file>
      <download_file storage_type="ufs" gpt_file="partition:2">
        <file_name>gpt_both2.bin</file_name>
        <file_path>.</file_path>
      </download_file>
      <download_file storage_type="ufs">
        <file_name>gpt_both3.bin</file_name>
        <file_path>.</file_path>
      </download_file>
      <download_file storage_type="ufs" gpt_file="partition:4">
        <file_name>gpt_both4.bin</file_name>
        <file_path>.</file_path>
      </download_file>
      <download_file storage_type="ufs" gpt_file="partition:5">
        <file_name>gpt_both5.bin</file_name>
        <file_path>.</file_path>
      </download_file>
      <partition_file storage_type="ufs">
        <file_name>rawprogram0.xml</file_name>
        <file_path>.</file_path>
      </partition_file>
      <partition_patch_file storage_type="ufs">
        <file_name>patch0.xml</file_name>
        <file_path>.</file_path>
      </partition_patch_file>
      <partition_file storage_type="ufs">
        <file_name>rawprogram1.xml</file_name>
        <file_path>.</file_path>
      </partition_file>
      <partition_patch_file storage_type="ufs">
        <file_name>patch1.xml</file_name>
        <file_path>.</file_path>
      </partition_patch_file>
      <partition_file storage_type="ufs">
        <file_name>rawprogram2.xml</file_name>
        <file_path>.</file_path>
      </partition_file>
      <partition_patch_file storage_type="ufs">
        <file_name>patch2.xml</file_name>
        <file_path>.</file_path>
      </partition_patch_file>
      <partition_file storage_type="ufs">
        <file_name>rawprogram3.xml</file_name>
        <file_path>.</file_path>
      </partition_file>
      <partition_file storage_type="ufs">
        <file_name>rawprogram4.xml</file_name>
        <file_path>.</file_path>
      </partition_file>
      <partition_patch_file storage_type="ufs">
        <file_name>patch3.xml</file_name>
        <file_path>.</file_path>
      </partition_patch_file>
      <partition_patch_file storage_type="ufs">
        <file_name>patch4.xml</file_name>
        <file_path>.</file_path>
      </partition_patch_file>
      <partition_file storage_type="ufs">
        <file_name>rawprogram5.xml</file_name>
        <file_path>.</file_path>
      </partition_file>
      <partition_patch_file storage_type="ufs">
        <file_name>patch5.xml</file_name>
        <file_path>.</file_path>
      </partition_patch_file>
      <download_file storage_type="emmc">
        <file_name>*.bin</file_name>
        <file_path>.</file_path>
      </download_file>
      <download_file storage_type="emmc">
        <file_name>*.xml</file_name>
        <file_path>.</file_path>
      </download_file>
      <download_file storage_type="emmc" gpt_file="partition:0">
        <file_name>gpt_both0.bin</file_name>
        <file_path>.</file_path>
      </download_file>
      <partition_file storage_type="emmc">
        <file_name>rawprogram0.xml</file_name>
        <file_path>.</file_path>
      </partition_file>
      <partition_patch_file storage_type="emmc">
        <file_name>patch0.xml</file_name>
        <file_path>.</file_path>
      </partition_patch_file>
    </build>
  </builds_flat>
</contents>
